Tool Name,Problem Name,Hessian dim,Hessian NNZ,# of Eq Constraints,Eq Constraint NNZ,# of Ineq Const,Ineq Constraint NNZ,# of Threads,eps_abs,Outer GMRES Iter,Inner GMRES Iter,GMRES Tol,Diagonal Pert,Status,# of Iterations,Time (s),Active-set Size,Constraint Satisfaction Inf,Residual Lagrangian inf,Primal Obj,Dual Obj,Obj Value,Non-negativity Inf,Complementarity Inf,Problem Type,Problem Class,
NASOQ,alligator1,928,8379,9,9,1838,1838,8,0.001,0,0,1e-15,1e-09,1,16,0.0707674,16,0.000833844,1.36176e-16,6.21954e-05,1.23961e-16,6.21954e-05,0,7.04442e-17,image deformation,computer graphics,
NASOQ,alligator2,928,8379,9,9,1838,1838,8,0.001,0,0,1e-15,1e-09,1,11,0.0632158,11,0.000988599,2.47482e-07,1.30245e-05,1.16522e-17,1.30245e-05,0,7.67142e-18,image deformation,computer graphics,
NASOQ,alligator3,928,8379,9,9,1838,1838,8,0.001,0,0,1e-15,1e-09,1,26,0.0819437,24,0.000955928,3.63112e-07,0.000285548,3.30095e-16,0.000285548,0,1.58606e-16,image deformation,computer graphics,
NASOQ,alligator4,928,8379,9,9,1838,1838,8,0.001,0,0,1e-15,1e-09,1,33,0.086602,33,0.000875106,6.83604e-08,0.000375885,4.81771e-16,0.000375885,0,4.72821e-16,image deformation,computer graphics,
NASOQ,alligator5,928,8379,9,9,1838,1838,8,0.001,0,0,1e-15,1e-09,1,24,0.0755632,24,0.000961611,2.77435e-07,0.000234315,4.67615e-16,0.000234315,0,2.61781e-16,image deformation,computer graphics,
NASOQ,alligator6,928,8379,9,9,1838,1838,8,0.001,0,0,1e-15,1e-09,1,19,0.0683413,13,0.000836129,4.61822e-07,4.39967e-05,5.21759e-17,4.39967e-05,0,2.32852e-17,image deformation,computer graphics,
NASOQ,alligator7,928,8379,9,9,1838,1838,8,0.001,0,0,1e-15,1e-09,1,28,0.0798414,20,0.000966712,2.10552e-16,0.000284348,3.31652e-16,0.000284348,0,1.38095e-16,image deformation,computer graphics,
NASOQ,alligator8,928,8379,9,9,1838,1838,8,0.001,0,0,1e-15,1e-09,1,43,0.0959073,39,0.000941662,5.26089e-09,0.000690899,7.71291e-16,0.000690899,0,2.63695e-16,image deformation,computer graphics,
NASOQ,alligator9,928,8379,9,9,1838,1838,8,0.001,0,0,1e-15,1e-09,1,38,0.0912148,30,0.000985785,6.65187e-08,0.000804064,6.77465e-16,0.000804064,0,1.82992e-16,image deformation,computer graphics,
