Problem name,Problem category,Problem source,Application,Number of variables,QP dimension,QP norm (order = infty),QP condition (2-norm),QP min,QP max,QP nonzeros,Number of equality constraints,Number of inequality constraints,equality norm (order = infty),inequality norm (order = infty),equality condition number (2-norm),inequality condition number (2-nrom),equality nonzeros,inequality nonzeros,equality max,inequality max,equality min,inequality min
bunny_bunny1,computer graphics,GAUSS Repository,Contact Simulation,32454,32454,2.207419272345507,\,-0.4518691262989574,0.6583636412127949,602460,\,51,\,3.4322765814122733,\,\,\,1224,\,0.9172855162361343,\,0.9172855162361343
bunny_bunny0,computer graphics,GAUSS Repository,Contact Simulation,32454,32454,2.207393906165335,\,-0.4519061739866691,0.6584002488531767,602460,\,177,\,3.4430391147398547,\,\,\,4248,\,0.9729711923592164,\,0.9729711923592164
bunny2_bunny0,computer graphics,GAUSS Repository,Contact Simulation,32454,32454,2.207393906165335,\,-0.4519061739866691,0.6584002488531767,602460,\,177,\,3.4430391147398547,\,\,\,4248,\,0.9729711923592164,\,0.9729711923592164
bunny2_bunny1,computer graphics,GAUSS Repository,Contact Simulation,32454,32454,2.207419272345507,\,-0.4518691262989574,0.6583636412127949,602460,\,51,\,3.4322765814122733,\,\,\,1224,\,0.9172855162361343,\,0.9172855162361343
bunny_falling0,computer graphics,GAUSS Repository,Contact Simulation,16227,16227,220.44946002626563,\,-45.193404609176426,65.79748413936731,301230,\,1167,\,1.2,\,\,\,3501,\,0.2,\,0.2
bunny2_falling0,computer graphics,GAUSS Repository,Contact Simulation,16227,16227,220.44946002626563,\,-45.193404609176426,65.79748413936731,301230,\,1167,\,1.2,\,\,\,3501,\,0.2,\,0.2
