Tool,Failure rate * 100
NASOQ,1.255783212161269
NASOQ-Fixed,0.3304692663582287
NASOQ-TUNED,0.0
